correct,cosine_similarity_mean,cosine_similarity_std,pearson_correlation_mean,pearson_correlation_std,js_divergence_mean,js_divergence_std,num_sentences
0,0.834654572212272,0.23036893112739254,0.9235545077472965,0.1510940682337053,0.11822176319562884,0.10476035432032182,79
1,0.8304625163174599,0.21801603107329096,0.8335191361888145,0.24691646763466532,0.15074774232093166,0.13249278585844101,111
