group,original_label,cosine_similarity_mean,cosine_similarity_std,cosine_similarity_min,cosine_similarity_max,pearson_correlation_mean,pearson_correlation_std,pearson_correlation_min,pearson_correlation_max,js_divergence_mean,js_divergence_std,js_divergence_min,js_divergence_max,num_sentences
region,neutral,0.8236644908253928,0.25712650719118185,-0.8298652568153029,0.9990132234293971,0.8545668901034429,0.2511245213197296,-0.2853189110790261,1.0,0.14768423916351722,0.13027112445682995,3.213771126530941e-07,0.5560557244930491,74
region,stereotype,0.8377800302141084,0.24197387170206838,-0.06415212311232772,0.9999310010159537,0.9276150765655133,0.15532034664510547,0.2708066526091658,1.0,0.12411646125349773,0.12297457911484029,2.9984793714688484e-07,0.46215517033431947,74
region,unrelated,0.8374322847401059,0.07951817421557768,0.6901564418422275,0.9684293968154094,0.7999991594164777,0.22238492576939006,-0.30284243432118413,1.0,0.1418873061718806,0.10721498739053217,0.029038204376789046,0.627808540299132,42
