{
  "loss": [
    0.06488222976035454,
    0.025530088717412008,
    0.019693789341928142,
    0.016639048977052432,
    0.014491326024494412,
    0.012923535020825895,
    0.011742640940243737,
    0.010824149405060891,
    0.01010026152882921,
    0.009516796734380094
  ],
  "l0": [
    64.0,
    64.0,
    64.0,
    64.0,
    64.0,
    64.0,
    64.0,
    64.0,
    64.0,
    64.0
  ]
}