{"eval/balanced_accuracy":0.9370557140480642,"train_steps_per_second":2.745,"_runtime":1164,"_step":67,"train/grad_norm":0.025039229542016983,"train/epoch":6,"eval/loss":0.3121826648712158,"_timestamp":1.7691125730289538e+09,"eval/runtime":1.8468,"train/global_step":1014,"_wandb":{"runtime":1164},"eval/samples_per_second":728.821,"eval/steps_per_second":23.283,"eval/recall":0.9370557140480642,"eval/f1":0.9351171362250914,"train/loss":0.0079,"train_samples_per_second":87.411,"total_flos":4.8108623139504e+14,"train_loss":0.07661962830617701,"eval/precision":0.933269008769965,"train/learning_rate":2.958579881656805e-07,"train_runtime":369.3568}